<?xml version="1.0" encoding="UTF-8"?>
<accounts_data xmlns:xsi="http://www.w3.org/2001/XMLSchema-instance">
        <accounts>
            <account>
                <id>130d7312-7be8-de1a-756a-53ce2dd949f7</id>
                <name>name0</name>
                <date_entered>2006-05-04T18:13:51.0Z</date_entered>
                <date_modified>2006-05-04T18:13:51.0Z</date_modified>
                <modified_user_id>modified_user_id0</modified_user_id>
                <created_by>created_by0</created_by>
                <description>description0</description>
                <deleted>50</deleted>
                <assigned_user_id>assigned_user_id0</assigned_user_id>
                <account_type>account_type0</account_type>
                <industry>industry0</industry>
                <annual_revenue>annual_revenue0</annual_revenue>
                <phone_fax>phone_fax0</phone_fax>
                <billing_address_street>billing_address_street0</billing_address_street>
                <billing_address_city>billing_address_city0</billing_address_city>
                <billing_address_state>billing_address_state0</billing_address_state>
                <billing_address_postalcode>billing_address_post</billing_address_postalcode>
                <billing_address_country>billing_address_country0</billing_address_country>
                <rating>rating0</rating>
                <phone_office>phone_office0</phone_office>
                <phone_alternate>phone_alternate0</phone_alternate>
                <website>website0</website>
                <ownership>ownership0</ownership>
                <employees>employees0</employees>
                <ticker_symbol>ticker_sym</ticker_symbol>
                <shipping_address_street>shipping_address_street0</shipping_address_street>
                <shipping_address_city>shipping_address_city0</shipping_address_city>
                <shipping_address_state>shipping_address_state0</shipping_address_state>
                <shipping_address_postalcode>shipping_address_pos</shipping_address_postalcode>
                <shipping_address_country>shipping_address_country0</shipping_address_country>
                <parent_id>parent_id0</parent_id>
                <sic_code>sic_code0</sic_code>
                <campaign_id>campaign_id0</campaign_id>
            </account>
            <account>
                <id>id1</id>
                <name>name1</name>
                <date_entered>2006-05-04T18:13:51.0Z</date_entered>
                <date_modified>2006-05-04T18:13:51.0Z</date_modified>
                <modified_user_id>modified_user_id1</modified_user_id>
                <created_by>created_by1</created_by>
                <description>description1</description>
                <deleted>50</deleted>
                <assigned_user_id>assigned_user_id1</assigned_user_id>
                <account_type>account_type1</account_type>
                <industry>industry1</industry>
                <annual_revenue>annual_revenue1</annual_revenue>
                <phone_fax>phone_fax1</phone_fax>
                <billing_address_street>billing_address_street1</billing_address_street>
                <billing_address_city>billing_address_city1</billing_address_city>
                <billing_address_state>billing_address_state1</billing_address_state>
                <billing_address_postalcode>billing_address_post</billing_address_postalcode>
                <billing_address_country>billing_address_country1</billing_address_country>
                <rating>rating1</rating>
                <phone_office>phone_office1</phone_office>
                <phone_alternate>phone_alternate1</phone_alternate>
                <website>website1</website>
                <ownership>ownership1</ownership>
                <employees>employees1</employees>
                <ticker_symbol>ticker_sym</ticker_symbol>
                <shipping_address_street>shipping_address_street1</shipping_address_street>
                <shipping_address_city>shipping_address_city1</shipping_address_city>
                <shipping_address_state>shipping_address_state1</shipping_address_state>
                <shipping_address_postalcode>shipping_address_pos</shipping_address_postalcode>
                <shipping_address_country>shipping_address_country1</shipping_address_country>
                <parent_id>parent_id1</parent_id>
                <sic_code>sic_code1</sic_code>
                <campaign_id>campaign_id1</campaign_id>
            </account>
        </accounts>
</accounts_data>